placeDcid;placeName;Date:Count_Person_16OrMoreYears_FederalGovernmentOwnedEstablishment_NoHealthInsurance_Worker_Worker;Value:Count_Person_16OrMoreYears_FederalGovernmentOwnedEstablishment_NoHealthInsurance_Worker_Worker;Source:Count_Person_16OrMoreYears_FederalGovernmentOwnedEstablishment_NoHealthInsurance_Worker_Worker;Date:Count_Person_Employed_FederalGovernmentOwnedEstablishment_ExcludingPostalService;Source:Count_Person_Employed_LocalGovernmentOwnedEstablishment_ExcludingEducation;Date:Count_Person_16OrMoreYears_StateGovernmentOwnedEstablishment_NoHealthInsurance_Worker_Worker;Value:Count_Person_16OrMoreYears_StateGovernmentOwnedEstablishment_NoHealthInsurance_Worker_Worker;Source:Count_Person_16OrMoreYears_StateGovernmentOwnedEstablishment_NoHealthInsurance_Worker_Worker;Date:dc/c17kzp0zrfkq9;Value:dc/c17kzp0zrfkq9;Source:dc/c17kzp0zrfkq9;Date:Count_Person_Upto14Years_Female;Value:Count_Person_Upto14Years_Female;Source:Count_Person_Upto14Years_Female;Date:Count_Person_15To44Years_Female;Value:Count_Person_15To44Years_Female;Source:Count_Person_15To44Years_Female;Date:Count_Person_21OrMoreYears_Female;Value:Count_Person_21OrMoreYears_Female;Source:Count_Person_21OrMoreYears_Female;Date:Count_Person_60OrMoreYears_Female;Value:Count_Person_60OrMoreYears_Female;Source:Count_Person_60OrMoreYears_Female;Date:Count_Person_62OrMoreYears_Female;Value:Count_Person_62OrMoreYears_Female;Source:Count_Person_62OrMoreYears_Female;;Value:Count_Person_65To66Years_Female;Source:Count_Person_65To66Years_Female;placeName;Date:Count_Person_65To66Years_Female;Value:Count_Person_65To66Years_Female;Source:Count_Person_65To66Years_Female
geoId/01;Alabama;2019;1.893.528;https://data.census.gov/cedsci/table?q=S2702&tid=ACSST5Y2019.S2702;;https://download.bls.gov/pub/time.series/sm/;2019;2.603.601;https://data.census.gov/cedsci/table?q=S2702&tid=ACSST5Y2019.S2702;2021;0;https://www.bjs.gov/index.cfm?ty=dcdetail&iid=269;2021;453241;https://data-explorer.oecd.org/vis?fs[0]=Topic%2C0%7CRegional%252C%20rural%20and%20urban%20development%23GEO%23&pg=40&fc=Topic&bp=true&snb=117&df[ds]=dsDisseminateFinalDMZ&df[id]=DSD_REG_DEMO%40DF_POP_5Y&df[ag]=OECD.CFE.EDS&df[vs]=2.0&dq=A.......&to[TIME_PERIOD]=false&vw=tb&pd=%2C;2021;969549;https://data.census.gov/table?q=S0101:+Age+and+Sex&tid=ACSST1Y2022.S0101;2021;1915485;https://data.census.gov/table?q=S0101:+Age+and+Sex&tid=ACSST1Y2022.S0101;2021;647988;https://data.census.gov/table?q=S0101:+Age+and+Sex&tid=ACSST1Y2022.S0101;2021;575338;https://data.census.gov/table?q=S0101:+Age+and+Sex&tid=ACSST1Y2022.S0101;Date:Count_Person_65To66Years_Female;65936;https://www.census.gov/programs-surveys/acs/data/data-via-ftp.html;Alabama;2023;65936;https://www.census.gov/programs-surveys/acs/data/data-via-ftp.html
geoId/02;Alaska;2019;965.2;https://data.census.gov/cedsci/table?q=S2702&tid=ACSST5Y2019.S2702;;https://download.bls.gov/pub/time.series/sm/;2019;1422.4;https://data.census.gov/cedsci/table?q=S2702&tid=ACSST5Y2019.S2702;2021;0;https://www.bjs.gov/index.cfm?ty=dcdetail&iid=269;2021;73059;https://data-explorer.oecd.org/vis?fs[0]=Topic%2C0%7CRegional%252C%20rural%20and%20urban%20development%23GEO%23&pg=40&fc=Topic&bp=true&snb=117&df[ds]=dsDisseminateFinalDMZ&df[id]=DSD_REG_DEMO%40DF_POP_5Y&df[ag]=OECD.CFE.EDS&df[vs]=2.0&dq=A.......&to[TIME_PERIOD]=false&vw=tb&pd=%2C;2021;145182;https://data.census.gov/table?q=S0101:+Age+and+Sex&tid=ACSST1Y2022.S0101;2021;250226;https://data.census.gov/table?q=S0101:+Age+and+Sex&tid=ACSST1Y2022.S0101;2021;67269;https://data.census.gov/table?q=S0101:+Age+and+Sex&tid=ACSST1Y2022.S0101;2021;58040;https://data.census.gov/table?q=S0101:+Age+and+Sex&tid=ACSST1Y2022.S0101;2023;8053;https://www.census.gov/programs-surveys/acs/data/data-via-ftp.html;Alaska;2023;8053;https://www.census.gov/programs-surveys/acs/data/data-via-ftp.html
geoId/04;Arizona;2019;3915.39;https://data.census.gov/cedsci/table?q=S2702&tid=ACSST5Y2019.S2702;;https://download.bls.gov/pub/time.series/sm/;2019;5.873.085;https://data.census.gov/cedsci/table?q=S2702&tid=ACSST5Y2019.S2702;2021;1;https://www.bjs.gov/index.cfm?ty=dcdetail&iid=269;2021;647943;https://data-explorer.oecd.org/vis?fs[0]=Topic%2C0%7CRegional%252C%20rural%20and%20urban%20development%23GEO%23&pg=40&fc=Topic&bp=true&snb=117&df[ds]=dsDisseminateFinalDMZ&df[id]=DSD_REG_DEMO%40DF_POP_5Y&df[ag]=OECD.CFE.EDS&df[vs]=2.0&dq=A.......&to[TIME_PERIOD]=false&vw=tb&pd=%2C;2021;1362718;https://data.census.gov/table?q=S0101:+Age+and+Sex&tid=ACSST1Y2022.S0101;2021;2612994;https://data.census.gov/table?q=S0101:+Age+and+Sex&tid=ACSST1Y2022.S0101;2021;889657;https://data.census.gov/table?q=S0101:+Age+and+Sex&tid=ACSST1Y2022.S0101;2021;800112;https://data.census.gov/table?q=S0101:+Age+and+Sex&tid=ACSST1Y2022.S0101;2023;87823;https://www.census.gov/programs-surveys/acs/data/data-via-ftp.html;Arizona;2023;87823;https://www.census.gov/programs-surveys/acs/data/data-via-ftp.html
geoId/05;Arkansas;2019;971.95;https://data.census.gov/cedsci/table?q=S2702&tid=ACSST5Y2019.S2702;;https://download.bls.gov/pub/time.series/sm/;2019;2638.15;https://data.census.gov/cedsci/table?q=S2702&tid=ACSST5Y2019.S2702;2021;0;https://www.bjs.gov/index.cfm?ty=dcdetail&iid=269;2021;282333;https://data-explorer.oecd.org/vis?fs[0]=Topic%2C0%7CRegional%252C%20rural%20and%20urban%20development%23GEO%23&pg=40&fc=Topic&bp=true&snb=117&df[ds]=dsDisseminateFinalDMZ&df[id]=DSD_REG_DEMO%40DF_POP_5Y&df[ag]=OECD.CFE.EDS&df[vs]=2.0&dq=A.......&to[TIME_PERIOD]=false&vw=tb&pd=%2C;2021;579163;https://data.census.gov/table?q=S0101:+Age+and+Sex&tid=ACSST1Y2022.S0101;2021;1119789;https://data.census.gov/table?q=S0101:+Age+and+Sex&tid=ACSST1Y2022.S0101;2021;378139;https://data.census.gov/table?q=S0101:+Age+and+Sex&tid=ACSST1Y2022.S0101;2021;335976;https://data.census.gov/table?q=S0101:+Age+and+Sex&tid=ACSST1Y2022.S0101;2023;38007;https://www.census.gov/programs-surveys/acs/data/data-via-ftp.html;Arkansas;2023;38007;https://www.census.gov/programs-surveys/acs/data/data-via-ftp.html
geoId/06;California;2019;8.677.985;https://data.census.gov/cedsci/table?q=S2702&tid=ACSST5Y2019.S2702;;https://download.bls.gov/pub/time.series/sm/;2019;20.827.164;https://data.census.gov/cedsci/table?q=S2702&tid=ACSST5Y2019.S2702;2021;0;https://www.bjs.gov/index.cfm?ty=dcdetail&iid=269;2021;3521564;https://data-explorer.oecd.org/vis?fs[0]=Topic%2C0%7CRegional%252C%20rural%20and%20urban%20development%23GEO%23&pg=40&fc=Topic&bp=true&snb=117&df[ds]=dsDisseminateFinalDMZ&df[id]=DSD_REG_DEMO%40DF_POP_5Y&df[ag]=OECD.CFE.EDS&df[vs]=2.0&dq=A.......&to[TIME_PERIOD]=false&vw=tb&pd=%2C;2021;8048863;https://data.census.gov/table?q=S0101:+Age+and+Sex&tid=ACSST1Y2022.S0101;2021;14589925;https://data.census.gov/table?q=S0101:+Age+and+Sex&tid=ACSST1Y2022.S0101;2021;4292922;https://data.census.gov/table?q=S0101:+Age+and+Sex&tid=ACSST1Y2022.S0101;2021;3800362;https://data.census.gov/table?q=S0101:+Age+and+Sex&tid=ACSST1Y2022.S0101;2023;436501;https://www.census.gov/programs-surveys/acs/data/data-via-ftp.html;California;2023;436501;https://www.census.gov/programs-surveys/acs/data/data-via-ftp.html
geoId/08;Colorado;2019;2.152.032;https://data.census.gov/cedsci/table?q=S2702&tid=ACSST5Y2019.S2702;;https://download.bls.gov/pub/time.series/sm/;2019;2.421.036;https://data.census.gov/cedsci/table?q=S2702&tid=ACSST5Y2019.S2702;2021;0;https://www.bjs.gov/index.cfm?ty=dcdetail&iid=269;2021;497667;https://data-explorer.oecd.org/vis?fs[0]=Topic%2C0%7CRegional%252C%20rural%20and%20urban%20development%23GEO%23&pg=40&fc=Topic&bp=true&snb=117&df[ds]=dsDisseminateFinalDMZ&df[id]=DSD_REG_DEMO%40DF_POP_5Y&df[ag]=OECD.CFE.EDS&df[vs]=2.0&dq=A.......&to[TIME_PERIOD]=false&vw=tb&pd=%2C;2021;1171790;https://data.census.gov/table?q=S0101:+Age+and+Sex&tid=ACSST1Y2022.S0101;2021;2107076;https://data.census.gov/table?q=S0101:+Age+and+Sex&tid=ACSST1Y2022.S0101;2021;615981;https://data.census.gov/table?q=S0101:+Age+and+Sex&tid=ACSST1Y2022.S0101;2021;542059;https://data.census.gov/table?q=S0101:+Age+and+Sex&tid=ACSST1Y2022.S0101;2023;66529;https://www.census.gov/programs-surveys/acs/data/data-via-ftp.html;Colorado;2023;66529;https://www.census.gov/programs-surveys/acs/data/data-via-ftp.html
geoId/09;Connecticut;2019;684.6;https://data.census.gov/cedsci/table?q=S2702&tid=ACSST5Y2019.S2702;2024-12;https://download.bls.gov/pub/time.series/sm/;2019;912.8;https://data.census.gov/cedsci/table?q=S2702&tid=ACSST5Y2019.S2702;2021;2;https://www.bjs.gov/index.cfm?ty=dcdetail&iid=269;2021;289310;https://data-explorer.oecd.org/vis?fs[0]=Topic%2C0%7CRegional%252C%20rural%20and%20urban%20development%23GEO%23&pg=40&fc=Topic&bp=true&snb=117&df[ds]=dsDisseminateFinalDMZ&df[id]=DSD_REG_DEMO%40DF_POP_5Y&df[ag]=OECD.CFE.EDS&df[vs]=2.0&dq=A.......&to[TIME_PERIOD]=false&vw=tb&pd=%2C;2021;679162;https://data.census.gov/table?q=S0101:+Age+and+Sex&tid=ACSST1Y2022.S0101;2021;1396418;https://data.census.gov/table?q=S0101:+Age+and+Sex&tid=ACSST1Y2022.S0101;2021;474368;https://data.census.gov/table?q=S0101:+Age+and+Sex&tid=ACSST1Y2022.S0101;2021;419631;https://data.census.gov/table?q=S0101:+Age+and+Sex&tid=ACSST1Y2022.S0101;2023;46225;https://www.census.gov/programs-surveys/acs/data/data-via-ftp.html;Connecticut;2023;46225;https://www.census.gov/programs-surveys/acs/data/data-via-ftp.html
geoId/10;Delaware;2019;158.075;https://data.census.gov/cedsci/table?q=S2702&tid=ACSST5Y2019.S2702;;https://download.bls.gov/pub/time.series/sm/;2019;790.375;https://data.census.gov/cedsci/table?q=S2702&tid=ACSST5Y2019.S2702;2021;0;https://www.bjs.gov/index.cfm?ty=dcdetail&iid=269;2021;84071;https://data-explorer.oecd.org/vis?fs[0]=Topic%2C0%7CRegional%252C%20rural%20and%20urban%20development%23GEO%23&pg=40&fc=Topic&bp=true&snb=117&df[ds]=dsDisseminateFinalDMZ&df[id]=DSD_REG_DEMO%40DF_POP_5Y&df[ag]=OECD.CFE.EDS&df[vs]=2.0&dq=A.......&to[TIME_PERIOD]=false&vw=tb&pd=%2C;2021;182065;https://data.census.gov/table?q=S0101:+Age+and+Sex&tid=ACSST1Y2022.S0101;2021;382476;https://data.census.gov/table?q=S0101:+Age+and+Sex&tid=ACSST1Y2022.S0101;2021;140129;https://data.census.gov/table?q=S0101:+Age+and+Sex&tid=ACSST1Y2022.S0101;2021;124888;https://data.census.gov/table?q=S0101:+Age+and+Sex&tid=ACSST1Y2022.S0101;2023;15762;https://www.census.gov/programs-surveys/acs/data/data-via-ftp.html;Delaware;2023;15762;https://www.census.gov/programs-surveys/acs/data/data-via-ftp.html
geoId/11;District of Columbia;2019;753.289;https://data.census.gov/cedsci/table?q=S2702&tid=ACSST5Y2019.S2702;;;2019;312.686;https://data.census.gov/cedsci/table?q=S2702&tid=ACSST5Y2019.S2702;;;;2021;54056;https://data-explorer.oecd.org/vis?fs[0]=Topic%2C0%7CRegional%252C%20rural%20and%20urban%20development%23GEO%23&pg=40&fc=Topic&bp=true&snb=117&df[ds]=dsDisseminateFinalDMZ&df[id]=DSD_REG_DEMO%40DF_POP_5Y&df[ag]=OECD.CFE.EDS&df[vs]=2.0&dq=A.......&to[TIME_PERIOD]=false&vw=tb&pd=%2C;2021;183286;https://data.census.gov/table?q=S0101:+Age+and+Sex&tid=ACSST1Y2022.S0101;2021;278978;https://data.census.gov/table?q=S0101:+Age+and+Sex&tid=ACSST1Y2022.S0101;2021;67166;https://data.census.gov/table?q=S0101:+Age+and+Sex&tid=ACSST1Y2022.S0101;2021;59675;https://data.census.gov/table?q=S0101:+Age+and+Sex&tid=ACSST1Y2022.S0101;2023;6856;https://www.census.gov/programs-surveys/acs/data/data-via-ftp.html;District of Columbia;2023;6856;https://www.census.gov/programs-surveys/acs/data/data-via-ftp.html
geoId/12;Florida;2019;6.030.212;https://data.census.gov/cedsci/table?q=S2702&tid=ACSST5Y2019.S2702;;https://download.bls.gov/pub/time.series/sm/;2019;10.552.871;https://data.census.gov/cedsci/table?q=S2702&tid=ACSST5Y2019.S2702;2021;0;https://www.bjs.gov/index.cfm?ty=dcdetail&iid=269;2021;1726524;https://data-explorer.oecd.org/vis?fs[0]=Topic%2C0%7CRegional%252C%20rural%20and%20urban%20development%23GEO%23&pg=40&fc=Topic&bp=true&snb=117&df[ds]=dsDisseminateFinalDMZ&df[id]=DSD_REG_DEMO%40DF_POP_5Y&df[ag]=OECD.CFE.EDS&df[vs]=2.0&dq=A.......&to[TIME_PERIOD]=false&vw=tb&pd=%2C;2021;3874714;https://data.census.gov/table?q=S0101:+Age+and+Sex&tid=ACSST1Y2022.S0101;2021;8409937;https://data.census.gov/table?q=S0101:+Age+and+Sex&tid=ACSST1Y2022.S0101;2021;3108938;https://data.census.gov/table?q=S0101:+Age+and+Sex&tid=ACSST1Y2022.S0101;2021;2804779;https://data.census.gov/table?q=S0101:+Age+and+Sex&tid=ACSST1Y2022.S0101;2023;304048;https://www.census.gov/programs-surveys/acs/data/data-via-ftp.html;Florida;2023;304048;https://www.census.gov/programs-surveys/acs/data/data-via-ftp.html
geoId/13;Georgia;2019;4.363.572;https://data.census.gov/cedsci/table?q=S2702&tid=ACSST5Y2019.S2702;;https://download.bls.gov/pub/time.series/sm/;2019;10.181.668;https://data.census.gov/cedsci/table?q=S2702&tid=ACSST5Y2019.S2702;2021;0;https://www.bjs.gov/index.cfm?ty=dcdetail&iid=269;2021;1014114;https://data-explorer.oecd.org/vis?fs[0]=Topic%2C0%7CRegional%252C%20rural%20and%20urban%20development%23GEO%23&pg=40&fc=Topic&bp=true&snb=117&df[ds]=dsDisseminateFinalDMZ&df[id]=DSD_REG_DEMO%40DF_POP_5Y&df[ag]=OECD.CFE.EDS&df[vs]=2.0&dq=A.......&to[TIME_PERIOD]=false&vw=tb&pd=%2C;2021;2181883;https://data.census.gov/table?q=S0101:+Age+and+Sex&tid=ACSST1Y2022.S0101;2021;3969796;https://data.census.gov/table?q=S0101:+Age+and+Sex&tid=ACSST1Y2022.S0101;2021;1156870;https://data.census.gov/table?q=S0101:+Age+and+Sex&tid=ACSST1Y2022.S0101;2021;1018423;https://data.census.gov/table?q=S0101:+Age+and+Sex&tid=ACSST1Y2022.S0101;2023;123268;https://www.census.gov/programs-surveys/acs/data/data-via-ftp.html;Georgia;2023;123268;https://www.census.gov/programs-surveys/acs/data/data-via-ftp.html
geoId/15;Hawaii;2019;590.433;https://data.census.gov/cedsci/table?q=S2702&tid=ACSST5Y2019.S2702;;;2019;924.156;https://data.census.gov/cedsci/table?q=S2702&tid=ACSST5Y2019.S2702;2021;0;https://www.bjs.gov/index.cfm?ty=dcdetail&iid=269;2021;124206;https://data-explorer.oecd.org/vis?fs[0]=Topic%2C0%7CRegional%252C%20rural%20and%20urban%20development%23GEO%23&pg=40&fc=Topic&bp=true&snb=117&df[ds]=dsDisseminateFinalDMZ&df[id]=DSD_REG_DEMO%40DF_POP_5Y&df[ag]=OECD.CFE.EDS&df[vs]=2.0&dq=A.......&to[TIME_PERIOD]=false&vw=tb&pd=%2C;2021;268336;https://data.census.gov/table?q=S0101:+Age+and+Sex&tid=ACSST1Y2022.S0101;2021;549279;https://data.census.gov/table?q=S0101:+Age+and+Sex&tid=ACSST1Y2022.S0101;2021;193243;https://data.census.gov/table?q=S0101:+Age+and+Sex&tid=ACSST1Y2022.S0101;2021;174359;https://data.census.gov/table?q=S0101:+Age+and+Sex&tid=ACSST1Y2022.S0101;2023;20071;https://www.census.gov/programs-surveys/acs/data/data-via-ftp.html;Hawaii;2023;20071;https://www.census.gov/programs-surveys/acs/data/data-via-ftp.html
geoId/16;Idaho;2019;1.191.113;https://data.census.gov/cedsci/table?q=S2702&tid=ACSST5Y2019.S2702;;https://download.bls.gov/pub/time.series/sm/;2019;1.515.962;https://data.census.gov/cedsci/table?q=S2702&tid=ACSST5Y2019.S2702;2021;0;https://www.bjs.gov/index.cfm?ty=dcdetail&iid=269;2021;187439;https://data-explorer.oecd.org/vis?fs[0]=Topic%2C0%7CRegional%252C%20rural%20and%20urban%20development%23GEO%23&pg=40&fc=Topic&bp=true&snb=117&df[ds]=dsDisseminateFinalDMZ&df[id]=DSD_REG_DEMO%40DF_POP_5Y&df[ag]=OECD.CFE.EDS&df[vs]=2.0&dq=A.......&to[TIME_PERIOD]=false&vw=tb&pd=%2C;2021;350339;https://data.census.gov/table?q=S0101:+Age+and+Sex&tid=ACSST1Y2022.S0101;2021;639320;https://data.census.gov/table?q=S0101:+Age+and+Sex&tid=ACSST1Y2022.S0101;2021;206404;https://data.census.gov/table?q=S0101:+Age+and+Sex&tid=ACSST1Y2022.S0101;2021;183386;https://data.census.gov/table?q=S0101:+Age+and+Sex&tid=ACSST1Y2022.S0101;2023;23909;https://www.census.gov/programs-surveys/acs/data/data-via-ftp.html;Idaho;2023;23909;https://www.census.gov/programs-surveys/acs/data/data-via-ftp.html
geoId/17;Illinois;2019;2.529.475;https://data.census.gov/cedsci/table?q=S2702&tid=ACSST5Y2019.S2702;;https://download.bls.gov/pub/time.series/sm/;2019;5058.95;https://data.census.gov/cedsci/table?q=S2702&tid=ACSST5Y2019.S2702;2021;0;https://www.bjs.gov/index.cfm?ty=dcdetail&iid=269;2021;1121584;https://data-explorer.oecd.org/vis?fs[0]=Topic%2C0%7CRegional%252C%20rural%20and%20urban%20development%23GEO%23&pg=40&fc=Topic&bp=true&snb=117&df[ds]=dsDisseminateFinalDMZ&df[id]=DSD_REG_DEMO%40DF_POP_5Y&df[ag]=OECD.CFE.EDS&df[vs]=2.0&dq=A.......&to[TIME_PERIOD]=false&vw=tb&pd=%2C;2021;2527803;https://data.census.gov/table?q=S0101:+Age+and+Sex&tid=ACSST1Y2022.S0101;2021;4832597;https://data.census.gov/table?q=S0101:+Age+and+Sex&tid=ACSST1Y2022.S0101;2021;1541227;https://data.census.gov/table?q=S0101:+Age+and+Sex&tid=ACSST1Y2022.S0101;2021;1362875;https://data.census.gov/table?q=S0101:+Age+and+Sex&tid=ACSST1Y2022.S0101;2023;153364;https://www.census.gov/programs-surveys/acs/data/data-via-ftp.html;Illinois;2023;153364;https://www.census.gov/programs-surveys/acs/data/data-via-ftp.html
geoId/18;Indiana;2019;1.197.112;https://data.census.gov/cedsci/table?q=S2702&tid=ACSST5Y2019.S2702;;https://download.bls.gov/pub/time.series/sm/;2019;3.292.058;https://data.census.gov/cedsci/table?q=S2702&tid=ACSST5Y2019.S2702;2021;0;https://www.bjs.gov/index.cfm?ty=dcdetail&iid=269;2021;636684;https://data-explorer.oecd.org/vis?fs[0]=Topic%2C0%7CRegional%252C%20rural%20and%20urban%20development%23GEO%23&pg=40&fc=Topic&bp=true&snb=117&df[ds]=dsDisseminateFinalDMZ&df[id]=DSD_REG_DEMO%40DF_POP_5Y&df[ag]=OECD.CFE.EDS&df[vs]=2.0&dq=A.......&to[TIME_PERIOD]=false&vw=tb&pd=%2C;2021;1314380;https://data.census.gov/table?q=S0101:+Age+and+Sex&tid=ACSST1Y2022.S0101;2021;2488116;https://data.census.gov/table?q=S0101:+Age+and+Sex&tid=ACSST1Y2022.S0101;2021;807341;https://data.census.gov/table?q=S0101:+Age+and+Sex&tid=ACSST1Y2022.S0101;2021;714194;https://data.census.gov/table?q=S0101:+Age+and+Sex&tid=ACSST1Y2022.S0101;2023;82112;https://www.census.gov/programs-surveys/acs/data/data-via-ftp.html;Indiana;2023;82112;https://www.census.gov/programs-surveys/acs/data/data-via-ftp.html
geoId/19;Iowa;2019;608.181;https://data.census.gov/cedsci/table?q=S2702&tid=ACSST5Y2019.S2702;;https://download.bls.gov/pub/time.series/sm/;2019;1.650.777;https://data.census.gov/cedsci/table?q=S2702&tid=ACSST5Y2019.S2702;2021;0;https://www.bjs.gov/index.cfm?ty=dcdetail&iid=269;2021;295939;https://data-explorer.oecd.org/vis?fs[0]=Topic%2C0%7CRegional%252C%20rural%20and%20urban%20development%23GEO%23&pg=40&fc=Topic&bp=true&snb=117&df[ds]=dsDisseminateFinalDMZ&df[id]=DSD_REG_DEMO%40DF_POP_5Y&df[ag]=OECD.CFE.EDS&df[vs]=2.0&dq=A.......&to[TIME_PERIOD]=false&vw=tb&pd=%2C;2021;599803;https://data.census.gov/table?q=S0101:+Age+and+Sex&tid=ACSST1Y2022.S0101;2021;1156540;https://data.census.gov/table?q=S0101:+Age+and+Sex&tid=ACSST1Y2022.S0101;2021;398925;https://data.census.gov/table?q=S0101:+Age+and+Sex&tid=ACSST1Y2022.S0101;2021;355562;https://data.census.gov/table?q=S0101:+Age+and+Sex&tid=ACSST1Y2022.S0101;2023;39478;https://www.census.gov/programs-surveys/acs/data/data-via-ftp.html;Iowa;2023;39478;https://www.census.gov/programs-surveys/acs/data/data-via-ftp.html
geoId/20;Kansas;2019;564.88;https://data.census.gov/cedsci/table?q=S2702&tid=ACSST5Y2019.S2702;;https://download.bls.gov/pub/time.series/sm/;2019;2824.4;https://data.census.gov/cedsci/table?q=S2702&tid=ACSST5Y2019.S2702;2021;0;https://www.bjs.gov/index.cfm?ty=dcdetail&iid=269;2021;282869;https://data-explorer.oecd.org/vis?fs[0]=Topic%2C0%7CRegional%252C%20rural%20and%20urban%20development%23GEO%23&pg=40&fc=Topic&bp=true&snb=117&df[ds]=dsDisseminateFinalDMZ&df[id]=DSD_REG_DEMO%40DF_POP_5Y&df[ag]=OECD.CFE.EDS&df[vs]=2.0&dq=A.......&to[TIME_PERIOD]=false&vw=tb&pd=%2C;2021;564879;https://data.census.gov/table?q=S0101:+Age+and+Sex&tid=ACSST1Y2022.S0101;2021;1054191;https://data.census.gov/table?q=S0101:+Age+and+Sex&tid=ACSST1Y2022.S0101;2021;349319;https://data.census.gov/table?q=S0101:+Age+and+Sex&tid=ACSST1Y2022.S0101;2021;310248;https://data.census.gov/table?q=S0101:+Age+and+Sex&tid=ACSST1Y2022.S0101;2023;34170;https://www.census.gov/programs-surveys/acs/data/data-via-ftp.html;Kansas;2023;34170;https://www.census.gov/programs-surveys/acs/data/data-via-ftp.html
geoId/21;Kentucky;2019;958.419;https://data.census.gov/cedsci/table?q=S2702&tid=ACSST5Y2019.S2702;;https://download.bls.gov/pub/time.series/sm/;2019;1.916.838;https://data.census.gov/cedsci/table?q=S2702&tid=ACSST5Y2019.S2702;2021;0;https://www.bjs.gov/index.cfm?ty=dcdetail&iid=269;2021;407950;https://data-explorer.oecd.org/vis?fs[0]=Topic%2C0%7CRegional%252C%20rural%20and%20urban%20development%23GEO%23&pg=40&fc=Topic&bp=true&snb=117&df[ds]=dsDisseminateFinalDMZ&df[id]=DSD_REG_DEMO%40DF_POP_5Y&df[ag]=OECD.CFE.EDS&df[vs]=2.0&dq=A.......&to[TIME_PERIOD]=false&vw=tb&pd=%2C;2021;855165;https://data.census.gov/table?q=S0101:+Age+and+Sex&tid=ACSST1Y2022.S0101;2021;1682441;https://data.census.gov/table?q=S0101:+Age+and+Sex&tid=ACSST1Y2022.S0101;2021;559002;https://data.census.gov/table?q=S0101:+Age+and+Sex&tid=ACSST1Y2022.S0101;2021;496116;https://data.census.gov/table?q=S0101:+Age+and+Sex&tid=ACSST1Y2022.S0101;2023;59478;https://www.census.gov/programs-surveys/acs/data/data-via-ftp.html;Kentucky;2023;59478;https://www.census.gov/programs-surveys/acs/data/data-via-ftp.html
geoId/22;Louisiana;2019;1.191.625;https://data.census.gov/cedsci/table?q=S2702&tid=ACSST5Y2019.S2702;;https://download.bls.gov/pub/time.series/sm/;2019;4.528.175;https://data.census.gov/cedsci/table?q=S2702&tid=ACSST5Y2019.S2702;2021;0;https://www.bjs.gov/index.cfm?ty=dcdetail&iid=269;2021;440023;https://data-explorer.oecd.org/vis?fs[0]=Topic%2C0%7CRegional%252C%20rural%20and%20urban%20development%23GEO%23&pg=40&fc=Topic&bp=true&snb=117&df[ds]=dsDisseminateFinalDMZ&df[id]=DSD_REG_DEMO%40DF_POP_5Y&df[ag]=OECD.CFE.EDS&df[vs]=2.0&dq=A.......&to[TIME_PERIOD]=false&vw=tb&pd=%2C;2021;924706;https://data.census.gov/table?q=S0101:+Age+and+Sex&tid=ACSST1Y2022.S0101;2021;1743805;https://data.census.gov/table?q=S0101:+Age+and+Sex&tid=ACSST1Y2022.S0101;2021;557594;https://data.census.gov/table?q=S0101:+Age+and+Sex&tid=ACSST1Y2022.S0101;2021;493321;https://data.census.gov/table?q=S0101:+Age+and+Sex&tid=ACSST1Y2022.S0101;2023;55986;https://www.census.gov/programs-surveys/acs/data/data-via-ftp.html;Louisiana;2023;55986;https://www.census.gov/programs-surveys/acs/data/data-via-ftp.html
geoId/23;Maine;2019;446.439;https://data.census.gov/cedsci/table?q=S2702&tid=ACSST5Y2019.S2702;;https://download.bls.gov/pub/time.series/sm/;2019;701.547;https://data.census.gov/cedsci/table?q=S2702&tid=ACSST5Y2019.S2702;2021;0;https://www.bjs.gov/index.cfm?ty=dcdetail&iid=269;2021;99671;https://data-explorer.oecd.org/vis?fs[0]=Topic%2C0%7CRegional%252C%20rural%20and%20urban%20development%23GEO%23&pg=40&fc=Topic&bp=true&snb=117&df[ds]=dsDisseminateFinalDMZ&df[id]=DSD_REG_DEMO%40DF_POP_5Y&df[ag]=OECD.CFE.EDS&df[vs]=2.0&dq=A.......&to[TIME_PERIOD]=false&vw=tb&pd=%2C;2021;236256;https://data.census.gov/table?q=S0101:+Age+and+Sex&tid=ACSST1Y2022.S0101;2021;541674;https://data.census.gov/table?q=S0101:+Age+and+Sex&tid=ACSST1Y2022.S0101;2021;206062;https://data.census.gov/table?q=S0101:+Age+and+Sex&tid=ACSST1Y2022.S0101;2021;182925;https://data.census.gov/table?q=S0101:+Age+and+Sex&tid=ACSST1Y2022.S0101;2023;22177;https://www.census.gov/programs-surveys/acs/data/data-via-ftp.html;Maine;2023;22177;https://www.census.gov/programs-surveys/acs/data/data-via-ftp.html
geoId/24;Maryland;2019;4051.37;https://data.census.gov/cedsci/table?q=S2702&tid=ACSST5Y2019.S2702;;https://download.bls.gov/pub/time.series/sm/;2019;2345.53;https://data.census.gov/cedsci/table?q=S2702&tid=ACSST5Y2019.S2702;2021;0;https://www.bjs.gov/index.cfm?ty=dcdetail&iid=269;2021;550563;https://data-explorer.oecd.org/vis?fs[0]=Topic%2C0%7CRegional%252C%20rural%20and%20urban%20development%23GEO%23&pg=40&fc=Topic&bp=true&snb=117&df[ds]=dsDisseminateFinalDMZ&df[id]=DSD_REG_DEMO%40DF_POP_5Y&df[ag]=OECD.CFE.EDS&df[vs]=2.0&dq=A.......&to[TIME_PERIOD]=false&vw=tb&pd=%2C;2021;1206901;https://data.census.gov/table?q=S0101:+Age+and+Sex&tid=ACSST1Y2022.S0101;2021;2367135;https://data.census.gov/table?q=S0101:+Age+and+Sex&tid=ACSST1Y2022.S0101;2021;743647;https://data.census.gov/table?q=S0101:+Age+and+Sex&tid=ACSST1Y2022.S0101;2021;656076;https://data.census.gov/table?q=S0101:+Age+and+Sex&tid=ACSST1Y2022.S0101;2023;76025;https://www.census.gov/programs-surveys/acs/data/data-via-ftp.html;Maryland;2023;76025;https://www.census.gov/programs-surveys/acs/data/data-via-ftp.html
geoId/25;Massachusetts;2019;913.92;https://data.census.gov/cedsci/table?q=S2702&tid=ACSST5Y2019.S2702;;https://download.bls.gov/pub/time.series/sm/;2019;1370.88;https://data.census.gov/cedsci/table?q=S2702&tid=ACSST5Y2019.S2702;2021;0;https://www.bjs.gov/index.cfm?ty=dcdetail&iid=269;2021;542979;https://data-explorer.oecd.org/vis?fs[0]=Topic%2C0%7CRegional%252C%20rural%20and%20urban%20development%23GEO%23&pg=40&fc=Topic&bp=true&snb=117&df[ds]=dsDisseminateFinalDMZ&df[id]=DSD_REG_DEMO%40DF_POP_5Y&df[ag]=OECD.CFE.EDS&df[vs]=2.0&dq=A.......&to[TIME_PERIOD]=false&vw=tb&pd=%2C;2021;1413069;https://data.census.gov/table?q=S0101:+Age+and+Sex&tid=ACSST1Y2022.S0101;2021;2741382;https://data.census.gov/table?q=S0101:+Age+and+Sex&tid=ACSST1Y2022.S0101;2021;888372;https://data.census.gov/table?q=S0101:+Age+and+Sex&tid=ACSST1Y2022.S0101;2021;792280;https://data.census.gov/table?q=S0101:+Age+and+Sex&tid=ACSST1Y2022.S0101;2023;87014;https://www.census.gov/programs-surveys/acs/data/data-via-ftp.html;Massachusetts;2023;87014;https://www.census.gov/programs-surveys/acs/data/data-via-ftp.html
geoId/26;Michigan;2019;1608.22;https://data.census.gov/cedsci/table?q=S2702&tid=ACSST5Y2019.S2702;;https://download.bls.gov/pub/time.series/sm/;2019;3.859.728;https://data.census.gov/cedsci/table?q=S2702&tid=ACSST5Y2019.S2702;2021;0;https://www.bjs.gov/index.cfm?ty=dcdetail&iid=269;2021;859945;https://data-explorer.oecd.org/vis?fs[0]=Topic%2C0%7CRegional%252C%20rural%20and%20urban%20development%23GEO%23&pg=40&fc=Topic&bp=true&snb=117&df[ds]=dsDisseminateFinalDMZ&df[id]=DSD_REG_DEMO%40DF_POP_5Y&df[ag]=OECD.CFE.EDS&df[vs]=2.0&dq=A.......&to[TIME_PERIOD]=false&vw=tb&pd=%2C;2021;1893604;https://data.census.gov/table?q=S0101:+Age+and+Sex&tid=ACSST1Y2022.S0101;2021;3811292;https://data.census.gov/table?q=S0101:+Age+and+Sex&tid=ACSST1Y2022.S0101;2021;1307835;https://data.census.gov/table?q=S0101:+Age+and+Sex&tid=ACSST1Y2022.S0101;2021;1161784;https://data.census.gov/table?q=S0101:+Age+and+Sex&tid=ACSST1Y2022.S0101;2023;135034;https://www.census.gov/programs-surveys/acs/data/data-via-ftp.html;Michigan;2023;135034;https://www.census.gov/programs-surveys/acs/data/data-via-ftp.html
geoId/27;Minnesota;2019;1.026.144;https://data.census.gov/cedsci/table?q=S2702&tid=ACSST5Y2019.S2702;;https://download.bls.gov/pub/time.series/sm/;2019;1.612.512;https://data.census.gov/cedsci/table?q=S2702&tid=ACSST5Y2019.S2702;2021;0;https://www.bjs.gov/index.cfm?ty=dcdetail&iid=269;2021;530622;https://data-explorer.oecd.org/vis?fs[0]=Topic%2C0%7CRegional%252C%20rural%20and%20urban%20development%23GEO%23&pg=40&fc=Topic&bp=true&snb=117&df[ds]=dsDisseminateFinalDMZ&df[id]=DSD_REG_DEMO%40DF_POP_5Y&df[ag]=OECD.CFE.EDS&df[vs]=2.0&dq=A.......&to[TIME_PERIOD]=false&vw=tb&pd=%2C;2021;1087551;https://data.census.gov/table?q=S0101:+Age+and+Sex&tid=ACSST1Y2022.S0101;2021;2077737;https://data.census.gov/table?q=S0101:+Age+and+Sex&tid=ACSST1Y2022.S0101;2021;671407;https://data.census.gov/table?q=S0101:+Age+and+Sex&tid=ACSST1Y2022.S0101;2021;595503;https://data.census.gov/table?q=S0101:+Age+and+Sex&tid=ACSST1Y2022.S0101;2023;68136;https://www.census.gov/programs-surveys/acs/data/data-via-ftp.html;Minnesota;2023;68136;https://www.census.gov/programs-surveys/acs/data/data-via-ftp.html
geoId/28;Mississippi;2019;1.558.143;https://data.census.gov/cedsci/table?q=S2702&tid=ACSST5Y2019.S2702;;https://download.bls.gov/pub/time.series/sm/;2019;4.155.048;https://data.census.gov/cedsci/table?q=S2702&tid=ACSST5Y2019.S2702;2021;1;https://www.bjs.gov/index.cfm?ty=dcdetail&iid=269;2021;278818;https://data-explorer.oecd.org/vis?fs[0]=Topic%2C0%7CRegional%252C%20rural%20and%20urban%20development%23GEO%23&pg=40&fc=Topic&bp=true&snb=117&df[ds]=dsDisseminateFinalDMZ&df[id]=DSD_REG_DEMO%40DF_POP_5Y&df[ag]=OECD.CFE.EDS&df[vs]=2.0&dq=A.......&to[TIME_PERIOD]=false&vw=tb&pd=%2C;2021;584720;https://data.census.gov/table?q=S0101:+Age+and+Sex&tid=ACSST1Y2022.S0101;2021;1112056;https://data.census.gov/table?q=S0101:+Age+and+Sex&tid=ACSST1Y2022.S0101;2021;365101;https://data.census.gov/table?q=S0101:+Age+and+Sex&tid=ACSST1Y2022.S0101;2021;324570;https://data.census.gov/table?q=S0101:+Age+and+Sex&tid=ACSST1Y2022.S0101;2023;38371;https://www.census.gov/programs-surveys/acs/data/data-via-ftp.html;Mississippi;2023;38371;https://www.census.gov/programs-surveys/acs/data/data-via-ftp.html
geoId/29;Missouri;2019;1.847.292;https://data.census.gov/cedsci/table?q=S2702&tid=ACSST5Y2019.S2702;;;2019;4.002.466;https://data.census.gov/cedsci/table?q=S2702&tid=ACSST5Y2019.S2702;2021;0;https://www.bjs.gov/index.cfm?ty=dcdetail&iid=269;2021;555746;https://data-explorer.oecd.org/vis?fs[0]=Topic%2C0%7CRegional%252C%20rural%20and%20urban%20development%23GEO%23&pg=40&fc=Topic&bp=true&snb=117&df[ds]=dsDisseminateFinalDMZ&df[id]=DSD_REG_DEMO%40DF_POP_5Y&df[ag]=OECD.CFE.EDS&df[vs]=2.0&dq=A.......&to[TIME_PERIOD]=false&vw=tb&pd=%2C;2021;1180159;https://data.census.gov/table?q=S0101:+Age+and+Sex&tid=ACSST1Y2022.S0101;2021;2315529;https://data.census.gov/table?q=S0101:+Age+and+Sex&tid=ACSST1Y2022.S0101;2021;783361;https://data.census.gov/table?q=S0101:+Age+and+Sex&tid=ACSST1Y2022.S0101;2021;697171;https://data.census.gov/table?q=S0101:+Age+and+Sex&tid=ACSST1Y2022.S0101;2023;77896;https://www.census.gov/programs-surveys/acs/data/data-via-ftp.html;Missouri;2023;77896;https://www.census.gov/programs-surveys/acs/data/data-via-ftp.html
geoId/30;Montana;2019;1.956.888;https://data.census.gov/cedsci/table?q=S2702&tid=ACSST5Y2019.S2702;;https://download.bls.gov/pub/time.series/sm/;2019;815.37;https://data.census.gov/cedsci/table?q=S2702&tid=ACSST5Y2019.S2702;2021;0;https://www.bjs.gov/index.cfm?ty=dcdetail&iid=269;2021;94101;https://data-explorer.oecd.org/vis?fs[0]=Topic%2C0%7CRegional%252C%20rural%20and%20urban%20development%23GEO%23&pg=40&fc=Topic&bp=true&snb=117&df[ds]=dsDisseminateFinalDMZ&df[id]=DSD_REG_DEMO%40DF_POP_5Y&df[ag]=OECD.CFE.EDS&df[vs]=2.0&dq=A.......&to[TIME_PERIOD]=false&vw=tb&pd=%2C;2021;198148;https://data.census.gov/table?q=S0101:+Age+and+Sex&tid=ACSST1Y2022.S0101;2021;399859;https://data.census.gov/table?q=S0101:+Age+and+Sex&tid=ACSST1Y2022.S0101;2021;144390;https://data.census.gov/table?q=S0101:+Age+and+Sex&tid=ACSST1Y2022.S0101;2021;127755;https://data.census.gov/table?q=S0101:+Age+and+Sex&tid=ACSST1Y2022.S0101;2023;15999;https://www.census.gov/programs-surveys/acs/data/data-via-ftp.html;Montana;2023;15999;https://www.census.gov/programs-surveys/acs/data/data-via-ftp.html
geoId/31;Nebraska;2019;710.112;https://data.census.gov/cedsci/table?q=S2702&tid=ACSST5Y2019.S2702;;https://download.bls.gov/pub/time.series/sm/;2019;1.420.224;https://data.census.gov/cedsci/table?q=S2702&tid=ACSST5Y2019.S2702;2021;0;https://www.bjs.gov/index.cfm?ty=dcdetail&iid=269;2021;194406;https://data-explorer.oecd.org/vis?fs[0]=Topic%2C0%7CRegional%252C%20rural%20and%20urban%20development%23GEO%23&pg=40&fc=Topic&bp=true&snb=117&df[ds]=dsDisseminateFinalDMZ&df[id]=DSD_REG_DEMO%40DF_POP_5Y&df[ag]=OECD.CFE.EDS&df[vs]=2.0&dq=A.......&to[TIME_PERIOD]=false&vw=tb&pd=%2C;2021;378404;https://data.census.gov/table?q=S0101:+Age+and+Sex&tid=ACSST1Y2022.S0101;2021;696384;https://data.census.gov/table?q=S0101:+Age+and+Sex&tid=ACSST1Y2022.S0101;2021;228162;https://data.census.gov/table?q=S0101:+Age+and+Sex&tid=ACSST1Y2022.S0101;2021;202795;https://data.census.gov/table?q=S0101:+Age+and+Sex&tid=ACSST1Y2022.S0101;2023;22484;https://www.census.gov/programs-surveys/acs/data/data-via-ftp.html;Nebraska;2023;22484;https://www.census.gov/programs-surveys/acs/data/data-via-ftp.html
geoId/32;Nevada;2019;912.205;https://data.census.gov/cedsci/table?q=S2702&tid=ACSST5Y2019.S2702;;https://download.bls.gov/pub/time.series/sm/;2019;1.277.087;https://data.census.gov/cedsci/table?q=S2702&tid=ACSST5Y2019.S2702;2021;0;https://www.bjs.gov/index.cfm?ty=dcdetail&iid=269;2021;281840;https://data-explorer.oecd.org/vis?fs[0]=Topic%2C0%7CRegional%252C%20rural%20and%20urban%20development%23GEO%23&pg=40&fc=Topic&bp=true&snb=117&df[ds]=dsDisseminateFinalDMZ&df[id]=DSD_REG_DEMO%40DF_POP_5Y&df[ag]=OECD.CFE.EDS&df[vs]=2.0&dq=A.......&to[TIME_PERIOD]=false&vw=tb&pd=%2C;2021;598043;https://data.census.gov/table?q=S0101:+Age+and+Sex&tid=ACSST1Y2022.S0101;2021;1127738;https://data.census.gov/table?q=S0101:+Age+and+Sex&tid=ACSST1Y2022.S0101;2021;344708;https://data.census.gov/table?q=S0101:+Age+and+Sex&tid=ACSST1Y2022.S0101;2021;307974;https://data.census.gov/table?q=S0101:+Age+and+Sex&tid=ACSST1Y2022.S0101;2023;38323;https://www.census.gov/programs-surveys/acs/data/data-via-ftp.html;Nevada;2023;38323;https://www.census.gov/programs-surveys/acs/data/data-via-ftp.html
geoId/33;New Hampshire;2019;373.772;https://data.census.gov/cedsci/table?q=S2702&tid=ACSST5Y2019.S2702;;https://download.bls.gov/pub/time.series/sm/;2019;694.148;https://data.census.gov/cedsci/table?q=S2702&tid=ACSST5Y2019.S2702;2021;0;https://www.bjs.gov/index.cfm?ty=dcdetail&iid=269;2021;101059;https://data-explorer.oecd.org/vis?fs[0]=Topic%2C0%7CRegional%252C%20rural%20and%20urban%20development%23GEO%23&pg=40&fc=Topic&bp=true&snb=117&df[ds]=dsDisseminateFinalDMZ&df[id]=DSD_REG_DEMO%40DF_POP_5Y&df[ag]=OECD.CFE.EDS&df[vs]=2.0&dq=A.......&to[TIME_PERIOD]=false&vw=tb&pd=%2C;2021;248158;https://data.census.gov/table?q=S0101:+Age+and+Sex&tid=ACSST1Y2022.S0101;2021;532452;https://data.census.gov/table?q=S0101:+Age+and+Sex&tid=ACSST1Y2022.S0101;2021;186992;https://data.census.gov/table?q=S0101:+Age+and+Sex&tid=ACSST1Y2022.S0101;2021;164411;https://data.census.gov/table?q=S0101:+Age+and+Sex&tid=ACSST1Y2022.S0101;2023;19250;https://www.census.gov/programs-surveys/acs/data/data-via-ftp.html;New Hampshire;2023;19250;https://www.census.gov/programs-surveys/acs/data/data-via-ftp.html
geoId/34;New Jersey;2019;1.249.026;https://data.census.gov/cedsci/table?q=S2702&tid=ACSST5Y2019.S2702;;https://download.bls.gov/pub/time.series/sm/;2019;4.579.762;https://data.census.gov/cedsci/table?q=S2702&tid=ACSST5Y2019.S2702;2021;0;https://www.bjs.gov/index.cfm?ty=dcdetail&iid=269;2021;810886;https://data-explorer.oecd.org/vis?fs[0]=Topic%2C0%7CRegional%252C%20rural%20and%20urban%20development%23GEO%23&pg=40&fc=Topic&bp=true&snb=117&df[ds]=dsDisseminateFinalDMZ&df[id]=DSD_REG_DEMO%40DF_POP_5Y&df[ag]=OECD.CFE.EDS&df[vs]=2.0&dq=A.......&to[TIME_PERIOD]=false&vw=tb&pd=%2C;2021;1739962;https://data.census.gov/table?q=S0101:+Age+and+Sex&tid=ACSST1Y2022.S0101;2021;3537602;https://data.census.gov/table?q=S0101:+Age+and+Sex&tid=ACSST1Y2022.S0101;2021;1153743;https://data.census.gov/table?q=S0101:+Age+and+Sex&tid=ACSST1Y2022.S0101;2021;1020750;https://data.census.gov/table?q=S0101:+Age+and+Sex&tid=ACSST1Y2022.S0101;2023;114308;https://www.census.gov/programs-surveys/acs/data/data-via-ftp.html;New Jersey;2023;114308;https://www.census.gov/programs-surveys/acs/data/data-via-ftp.html
geoId/35;New Mexico;2019;2219.46;https://data.census.gov/cedsci/table?q=S2702&tid=ACSST5Y2019.S2702;;https://download.bls.gov/pub/time.series/sm/;2019;2.996.271;https://data.census.gov/cedsci/table?q=S2702&tid=ACSST5Y2019.S2702;2021;0;https://www.bjs.gov/index.cfm?ty=dcdetail&iid=269;2021;189710;https://data-explorer.oecd.org/vis?fs[0]=Topic%2C0%7CRegional%252C%20rural%20and%20urban%20development%23GEO%23&pg=40&fc=Topic&bp=true&snb=117&df[ds]=dsDisseminateFinalDMZ&df[id]=DSD_REG_DEMO%40DF_POP_5Y&df[ag]=OECD.CFE.EDS&df[vs]=2.0&dq=A.......&to[TIME_PERIOD]=false&vw=tb&pd=%2C;2021;401742;https://data.census.gov/table?q=S0101:+Age+and+Sex&tid=ACSST1Y2022.S0101;2021;780383;https://data.census.gov/table?q=S0101:+Age+and+Sex&tid=ACSST1Y2022.S0101;2021;271284;https://data.census.gov/table?q=S0101:+Age+and+Sex&tid=ACSST1Y2022.S0101;2021;241372;https://data.census.gov/table?q=S0101:+Age+and+Sex&tid=ACSST1Y2022.S0101;2023;27837;https://www.census.gov/programs-surveys/acs/data/data-via-ftp.html;New Mexico;2023;27837;https://www.census.gov/programs-surveys/acs/data/data-via-ftp.html
geoId/36;New York;2019;3448.7;https://data.census.gov/cedsci/table?q=S2702&tid=ACSST5Y2019.S2702;;https://download.bls.gov/pub/time.series/sm/;2019;6207.66;https://data.census.gov/cedsci/table?q=S2702&tid=ACSST5Y2019.S2702;2021;0;https://www.bjs.gov/index.cfm?ty=dcdetail&iid=269;2021;1660353;https://data-explorer.oecd.org/vis?fs[0]=Topic%2C0%7CRegional%252C%20rural%20and%20urban%20development%23GEO%23&pg=40&fc=Topic&bp=true&snb=117&df[ds]=dsDisseminateFinalDMZ&df[id]=DSD_REG_DEMO%40DF_POP_5Y&df[ag]=OECD.CFE.EDS&df[vs]=2.0&dq=A.......&to[TIME_PERIOD]=false&vw=tb&pd=%2C;2021;3995243;https://data.census.gov/table?q=S0101:+Age+and+Sex&tid=ACSST1Y2022.S0101;2021;7852537;https://data.census.gov/table?q=S0101:+Age+and+Sex&tid=ACSST1Y2022.S0101;2021;2560757;https://data.census.gov/table?q=S0101:+Age+and+Sex&tid=ACSST1Y2022.S0101;2021;2268822;https://data.census.gov/table?q=S0101:+Age+and+Sex&tid=ACSST1Y2022.S0101;2023;247361;https://www.census.gov/programs-surveys/acs/data/data-via-ftp.html;New York;2023;247361;https://www.census.gov/programs-surveys/acs/data/data-via-ftp.html
geoId/37;North Carolina;2019;3091.37;https://data.census.gov/cedsci/table?q=S2702&tid=ACSST5Y2019.S2702;;https://download.bls.gov/pub/time.series/sm/;2019;8.037.562;https://data.census.gov/cedsci/table?q=S2702&tid=ACSST5Y2019.S2702;2021;1;https://www.bjs.gov/index.cfm?ty=dcdetail&iid=269;2021;925889;https://data-explorer.oecd.org/vis?fs[0]=Topic%2C0%7CRegional%252C%20rural%20and%20urban%20development%23GEO%23&pg=40&fc=Topic&bp=true&snb=117&df[ds]=dsDisseminateFinalDMZ&df[id]=DSD_REG_DEMO%40DF_POP_5Y&df[ag]=OECD.CFE.EDS&df[vs]=2.0&dq=A.......&to[TIME_PERIOD]=false&vw=tb&pd=%2C;2021;2037874;https://data.census.gov/table?q=S0101:+Age+and+Sex&tid=ACSST1Y2022.S0101;2021;3958491;https://data.census.gov/table?q=S0101:+Age+and+Sex&tid=ACSST1Y2022.S0101;2021;1286271;https://data.census.gov/table?q=S0101:+Age+and+Sex&tid=ACSST1Y2022.S0101;2021;1142384;https://data.census.gov/table?q=S0101:+Age+and+Sex&tid=ACSST1Y2022.S0101;2023;131244;https://www.census.gov/programs-surveys/acs/data/data-via-ftp.html;North Carolina;2023;131244;https://www.census.gov/programs-surveys/acs/data/data-via-ftp.html
geoId/38;North Dakota;2019;524.79;https://data.census.gov/cedsci/table?q=S2702&tid=ACSST5Y2019.S2702;;https://download.bls.gov/pub/time.series/sm/;2019;670.565;https://data.census.gov/cedsci/table?q=S2702&tid=ACSST5Y2019.S2702;2021;0;https://www.bjs.gov/index.cfm?ty=dcdetail&iid=269;2021;76198;https://data-explorer.oecd.org/vis?fs[0]=Topic%2C0%7CRegional%252C%20rural%20and%20urban%20development%23GEO%23&pg=40&fc=Topic&bp=true&snb=117&df[ds]=dsDisseminateFinalDMZ&df[id]=DSD_REG_DEMO%40DF_POP_5Y&df[ag]=OECD.CFE.EDS&df[vs]=2.0&dq=A.......&to[TIME_PERIOD]=false&vw=tb&pd=%2C;2021;151425;https://data.census.gov/table?q=S0101:+Age+and+Sex&tid=ACSST1Y2022.S0101;2021;270676;https://data.census.gov/table?q=S0101:+Age+and+Sex&tid=ACSST1Y2022.S0101;2021;86217;https://data.census.gov/table?q=S0101:+Age+and+Sex&tid=ACSST1Y2022.S0101;2021;76309;https://data.census.gov/table?q=S0101:+Age+and+Sex&tid=ACSST1Y2022.S0101;2023;8956;https://www.census.gov/programs-surveys/acs/data/data-via-ftp.html;North Dakota;2023;8956;https://www.census.gov/programs-surveys/acs/data/data-via-ftp.html
geoId/39;Ohio;2019;1963.79;https://data.census.gov/cedsci/table?q=S2702&tid=ACSST5Y2019.S2702;;https://download.bls.gov/pub/time.series/sm/;2019;3.142.064;https://data.census.gov/cedsci/table?q=S2702&tid=ACSST5Y2019.S2702;2021;1;https://www.bjs.gov/index.cfm?ty=dcdetail&iid=269;2021;1046707;https://data-explorer.oecd.org/vis?fs[0]=Topic%2C0%7CRegional%252C%20rural%20and%20urban%20development%23GEO%23&pg=40&fc=Topic&bp=true&snb=117&df[ds]=dsDisseminateFinalDMZ&df[id]=DSD_REG_DEMO%40DF_POP_5Y&df[ag]=OECD.CFE.EDS&df[vs]=2.0&dq=A.......&to[TIME_PERIOD]=false&vw=tb&pd=%2C;2021;2229857;https://data.census.gov/table?q=S0101:+Age+and+Sex&tid=ACSST1Y2022.S0101;2021;4453894;https://data.census.gov/table?q=S0101:+Age+and+Sex&tid=ACSST1Y2022.S0101;2021;1526377;https://data.census.gov/table?q=S0101:+Age+and+Sex&tid=ACSST1Y2022.S0101;2021;1351699;https://data.census.gov/table?q=S0101:+Age+and+Sex&tid=ACSST1Y2022.S0101;2023;156791;https://www.census.gov/programs-surveys/acs/data/data-via-ftp.html;Ohio;2023;156791;https://www.census.gov/programs-surveys/acs/data/data-via-ftp.html
geoId/40;Oklahoma;2019;3.962.728;https://data.census.gov/cedsci/table?q=S2702&tid=ACSST5Y2019.S2702;;https://download.bls.gov/pub/time.series/sm/;2019;5661.04;https://data.census.gov/cedsci/table?q=S2702&tid=ACSST5Y2019.S2702;2021;1;https://www.bjs.gov/index.cfm?ty=dcdetail&iid=269;2021;388386;https://data-explorer.oecd.org/vis?fs[0]=Topic%2C0%7CRegional%252C%20rural%20and%20urban%20development%23GEO%23&pg=40&fc=Topic&bp=true&snb=117&df[ds]=dsDisseminateFinalDMZ&df[id]=DSD_REG_DEMO%40DF_POP_5Y&df[ag]=OECD.CFE.EDS&df[vs]=2.0&dq=A.......&to[TIME_PERIOD]=false&vw=tb&pd=%2C;2021;774049;https://data.census.gov/table?q=S0101:+Age+and+Sex&tid=ACSST1Y2022.S0101;2021;1432003;https://data.census.gov/table?q=S0101:+Age+and+Sex&tid=ACSST1Y2022.S0101;2021;463304;https://data.census.gov/table?q=S0101:+Age+and+Sex&tid=ACSST1Y2022.S0101;2021;412398;https://data.census.gov/table?q=S0101:+Age+and+Sex&tid=ACSST1Y2022.S0101;2023;44463;https://www.census.gov/programs-surveys/acs/data/data-via-ftp.html;Oklahoma;2023;44463;https://www.census.gov/programs-surveys/acs/data/data-via-ftp.html
geoId/41;Oregon;2019;841.86;https://data.census.gov/cedsci/table?q=S2702&tid=ACSST5Y2019.S2702;;https://download.bls.gov/pub/time.series/sm/;2019;2525.58;https://data.census.gov/cedsci/table?q=S2702&tid=ACSST5Y2019.S2702;2021;0;https://www.bjs.gov/index.cfm?ty=dcdetail&iid=269;2021;345138;https://data-explorer.oecd.org/vis?fs[0]=Topic%2C0%7CRegional%252C%20rural%20and%20urban%20development%23GEO%23&pg=40&fc=Topic&bp=true&snb=117&df[ds]=dsDisseminateFinalDMZ&df[id]=DSD_REG_DEMO%40DF_POP_5Y&df[ag]=OECD.CFE.EDS&df[vs]=2.0&dq=A.......&to[TIME_PERIOD]=false&vw=tb&pd=%2C;2021;826615;https://data.census.gov/table?q=S0101:+Age+and+Sex&tid=ACSST1Y2022.S0101;2021;1610124;https://data.census.gov/table?q=S0101:+Age+and+Sex&tid=ACSST1Y2022.S0101;2021;545155;https://data.census.gov/table?q=S0101:+Age+and+Sex&tid=ACSST1Y2022.S0101;2021;485241;https://data.census.gov/table?q=S0101:+Age+and+Sex&tid=ACSST1Y2022.S0101;2023;55089;https://www.census.gov/programs-surveys/acs/data/data-via-ftp.html;Oregon;2023;55089;https://www.census.gov/programs-surveys/acs/data/data-via-ftp.html
geoId/42;Pennsylvania;2019;2.393.844;https://data.census.gov/cedsci/table?q=S2702&tid=ACSST5Y2019.S2702;;https://download.bls.gov/pub/time.series/sm/;2019;3.590.766;https://data.census.gov/cedsci/table?q=S2702&tid=ACSST5Y2019.S2702;2021;3;https://www.bjs.gov/index.cfm?ty=dcdetail&iid=269;2021;1070175;https://data-explorer.oecd.org/vis?fs[0]=Topic%2C0%7CRegional%252C%20rural%20and%20urban%20development%23GEO%23&pg=40&fc=Topic&bp=true&snb=117&df[ds]=dsDisseminateFinalDMZ&df[id]=DSD_REG_DEMO%40DF_POP_5Y&df[ag]=OECD.CFE.EDS&df[vs]=2.0&dq=A.......&to[TIME_PERIOD]=false&vw=tb&pd=%2C;2021;2415173;https://data.census.gov/table?q=S0101:+Age+and+Sex&tid=ACSST1Y2022.S0101;2021;5000217;https://data.census.gov/table?q=S0101:+Age+and+Sex&tid=ACSST1Y2022.S0101;2021;1781307;https://data.census.gov/table?q=S0101:+Age+and+Sex&tid=ACSST1Y2022.S0101;2021;1588430;https://data.census.gov/table?q=S0101:+Age+and+Sex&tid=ACSST1Y2022.S0101;2023;174940;https://www.census.gov/programs-surveys/acs/data/data-via-ftp.html;Pennsylvania;2023;174940;https://www.census.gov/programs-surveys/acs/data/data-via-ftp.html
geoId/44;Rhode Island;2019;261.972;https://data.census.gov/cedsci/table?q=S2702&tid=ACSST5Y2019.S2702;;https://download.bls.gov/pub/time.series/sm/;2019;291.08;https://data.census.gov/cedsci/table?q=S2702&tid=ACSST5Y2019.S2702;2021;0;https://www.bjs.gov/index.cfm?ty=dcdetail&iid=269;2021;83314;https://data-explorer.oecd.org/vis?fs[0]=Topic%2C0%7CRegional%252C%20rural%20and%20urban%20development%23GEO%23&pg=40&fc=Topic&bp=true&snb=117&df[ds]=dsDisseminateFinalDMZ&df[id]=DSD_REG_DEMO%40DF_POP_5Y&df[ag]=OECD.CFE.EDS&df[vs]=2.0&dq=A.......&to[TIME_PERIOD]=false&vw=tb&pd=%2C;2021;215168;https://data.census.gov/table?q=S0101:+Age+and+Sex&tid=ACSST1Y2022.S0101;2021;425278;https://data.census.gov/table?q=S0101:+Age+and+Sex&tid=ACSST1Y2022.S0101;2021;146221;https://data.census.gov/table?q=S0101:+Age+and+Sex&tid=ACSST1Y2022.S0101;2021;128308;https://data.census.gov/table?q=S0101:+Age+and+Sex&tid=ACSST1Y2022.S0101;2023;14733;https://www.census.gov/programs-surveys/acs/data/data-via-ftp.html;Rhode Island;2023;14733;https://www.census.gov/programs-surveys/acs/data/data-via-ftp.html
geoId/45;South Carolina;2019;2.002.896;https://data.census.gov/cedsci/table?q=S2702&tid=ACSST5Y2019.S2702;;https://download.bls.gov/pub/time.series/sm/;2019;4.578.048;https://data.census.gov/cedsci/table?q=S2702&tid=ACSST5Y2019.S2702;2021;0;https://www.bjs.gov/index.cfm?ty=dcdetail&iid=269;2021;450988;https://data-explorer.oecd.org/vis?fs[0]=Topic%2C0%7CRegional%252C%20rural%20and%20urban%20development%23GEO%23&pg=40&fc=Topic&bp=true&snb=117&df[ds]=dsDisseminateFinalDMZ&df[id]=DSD_REG_DEMO%40DF_POP_5Y&df[ag]=OECD.CFE.EDS&df[vs]=2.0&dq=A.......&to[TIME_PERIOD]=false&vw=tb&pd=%2C;2021;972371;https://data.census.gov/table?q=S0101:+Age+and+Sex&tid=ACSST1Y2022.S0101;2021;1963087;https://data.census.gov/table?q=S0101:+Age+and+Sex&tid=ACSST1Y2022.S0101;2021;677066;https://data.census.gov/table?q=S0101:+Age+and+Sex&tid=ACSST1Y2022.S0101;2021;602407;https://data.census.gov/table?q=S0101:+Age+and+Sex&tid=ACSST1Y2022.S0101;2023;71803;https://www.census.gov/programs-surveys/acs/data/data-via-ftp.html;South Carolina;2023;71803;https://www.census.gov/programs-surveys/acs/data/data-via-ftp.html
geoId/46;South Dakota;2019;1.010.942;https://data.census.gov/cedsci/table?q=S2702&tid=ACSST5Y2019.S2702;;https://download.bls.gov/pub/time.series/sm/;2019;703.264;https://data.census.gov/cedsci/table?q=S2702&tid=ACSST5Y2019.S2702;2021;0;https://www.bjs.gov/index.cfm?ty=dcdetail&iid=269;2021;89394;https://data-explorer.oecd.org/vis?fs[0]=Topic%2C0%7CRegional%252C%20rural%20and%20urban%20development%23GEO%23&pg=40&fc=Topic&bp=true&snb=117&df[ds]=dsDisseminateFinalDMZ&df[id]=DSD_REG_DEMO%40DF_POP_5Y&df[ag]=OECD.CFE.EDS&df[vs]=2.0&dq=A.......&to[TIME_PERIOD]=false&vw=tb&pd=%2C;2021;162612;https://data.census.gov/table?q=S0101:+Age+and+Sex&tid=ACSST1Y2022.S0101;2021;311051;https://data.census.gov/table?q=S0101:+Age+and+Sex&tid=ACSST1Y2022.S0101;2021;106829;https://data.census.gov/table?q=S0101:+Age+and+Sex&tid=ACSST1Y2022.S0101;2021;94852;https://data.census.gov/table?q=S0101:+Age+and+Sex&tid=ACSST1Y2022.S0101;2023;11330;https://www.census.gov/programs-surveys/acs/data/data-via-ftp.html;South Dakota;2023;11330;https://www.census.gov/programs-surveys/acs/data/data-via-ftp.html
geoId/47;Tennessee;2019;1765.26;https://data.census.gov/cedsci/table?q=S2702&tid=ACSST5Y2019.S2702;;https://download.bls.gov/pub/time.series/sm/;2019;3530.52;https://data.census.gov/cedsci/table?q=S2702&tid=ACSST5Y2019.S2702;2021;0;https://www.bjs.gov/index.cfm?ty=dcdetail&iid=269;2021;620899;https://data-explorer.oecd.org/vis?fs[0]=Topic%2C0%7CRegional%252C%20rural%20and%20urban%20development%23GEO%23&pg=40&fc=Topic&bp=true&snb=117&df[ds]=dsDisseminateFinalDMZ&df[id]=DSD_REG_DEMO%40DF_POP_5Y&df[ag]=OECD.CFE.EDS&df[vs]=2.0&dq=A.......&to[TIME_PERIOD]=false&vw=tb&pd=%2C;2021;1342358;https://data.census.gov/table?q=S0101:+Age+and+Sex&tid=ACSST1Y2022.S0101;2021;2617655;https://data.census.gov/table?q=S0101:+Age+and+Sex&tid=ACSST1Y2022.S0101;2021;849827;https://data.census.gov/table?q=S0101:+Age+and+Sex&tid=ACSST1Y2022.S0101;2021;754372;https://data.census.gov/table?q=S0101:+Age+and+Sex&tid=ACSST1Y2022.S0101;2023;85190;https://www.census.gov/programs-surveys/acs/data/data-via-ftp.html;Tennessee;2023;85190;https://www.census.gov/programs-surveys/acs/data/data-via-ftp.html
geoId/48;Texas;2019;12945.39;https://data.census.gov/cedsci/table?q=S2702&tid=ACSST5Y2019.S2702;;https://download.bls.gov/pub/time.series/sm/;2019;31.068.936;https://data.census.gov/cedsci/table?q=S2702&tid=ACSST5Y2019.S2702;2021;1;https://www.bjs.gov/index.cfm?ty=dcdetail&iid=269;2021;3022097;https://data-explorer.oecd.org/vis?fs[0]=Topic%2C0%7CRegional%252C%20rural%20and%20urban%20development%23GEO%23&pg=40&fc=Topic&bp=true&snb=117&df[ds]=dsDisseminateFinalDMZ&df[id]=DSD_REG_DEMO%40DF_POP_5Y&df[ag]=OECD.CFE.EDS&df[vs]=2.0&dq=A.......&to[TIME_PERIOD]=false&vw=tb&pd=%2C;2021;6008397;https://data.census.gov/table?q=S0101:+Age+and+Sex&tid=ACSST1Y2022.S0101;2021;10234038;https://data.census.gov/table?q=S0101:+Age+and+Sex&tid=ACSST1Y2022.S0101;2021;2787327;https://data.census.gov/table?q=S0101:+Age+and+Sex&tid=ACSST1Y2022.S0101;2021;2452451;https://data.census.gov/table?q=S0101:+Age+and+Sex&tid=ACSST1Y2022.S0101;2023;297010;https://www.census.gov/programs-surveys/acs/data/data-via-ftp.html;Texas;2023;297010;https://www.census.gov/programs-surveys/acs/data/data-via-ftp.html
geoId/49;Utah;2019;1552.41;https://data.census.gov/cedsci/table?q=S2702&tid=ACSST5Y2019.S2702;;https://download.bls.gov/pub/time.series/sm/;2019;2.328.615;https://data.census.gov/cedsci/table?q=S2702&tid=ACSST5Y2019.S2702;2021;0;https://www.bjs.gov/index.cfm?ty=dcdetail&iid=269;2021;378777;https://data-explorer.oecd.org/vis?fs[0]=Topic%2C0%7CRegional%252C%20rural%20and%20urban%20development%23GEO%23&pg=40&fc=Topic&bp=true&snb=117&df[ds]=dsDisseminateFinalDMZ&df[id]=DSD_REG_DEMO%40DF_POP_5Y&df[ag]=OECD.CFE.EDS&df[vs]=2.0&dq=A.......&to[TIME_PERIOD]=false&vw=tb&pd=%2C;2021;706407;https://data.census.gov/table?q=S0101:+Age+and+Sex&tid=ACSST1Y2022.S0101;2021;1064679;https://data.census.gov/table?q=S0101:+Age+and+Sex&tid=ACSST1Y2022.S0101;2021;266536;https://data.census.gov/table?q=S0101:+Age+and+Sex&tid=ACSST1Y2022.S0101;2021;235125;https://data.census.gov/table?q=S0101:+Age+and+Sex&tid=ACSST1Y2022.S0101;2023;28522;https://www.census.gov/programs-surveys/acs/data/data-via-ftp.html;Utah;2023;28522;https://www.census.gov/programs-surveys/acs/data/data-via-ftp.html
geoId/50;Vermont;2019;193.226;https://data.census.gov/cedsci/table?q=S2702&tid=ACSST5Y2019.S2702;;https://download.bls.gov/pub/time.series/sm/;2019;210.792;https://data.census.gov/cedsci/table?q=S2702&tid=ACSST5Y2019.S2702;2021;0;https://www.bjs.gov/index.cfm?ty=dcdetail&iid=269;2021;46007;https://data-explorer.oecd.org/vis?fs[0]=Topic%2C0%7CRegional%252C%20rural%20and%20urban%20development%23GEO%23&pg=40&fc=Topic&bp=true&snb=117&df[ds]=dsDisseminateFinalDMZ&df[id]=DSD_REG_DEMO%40DF_POP_5Y&df[ag]=OECD.CFE.EDS&df[vs]=2.0&dq=A.......&to[TIME_PERIOD]=false&vw=tb&pd=%2C;2021;118815;https://data.census.gov/table?q=S0101:+Age+and+Sex&tid=ACSST1Y2022.S0101;2021;249912;https://data.census.gov/table?q=S0101:+Age+and+Sex&tid=ACSST1Y2022.S0101;2021;92598;https://data.census.gov/table?q=S0101:+Age+and+Sex&tid=ACSST1Y2022.S0101;2021;82318;https://data.census.gov/table?q=S0101:+Age+and+Sex&tid=ACSST1Y2022.S0101;2023;9844;https://www.census.gov/programs-surveys/acs/data/data-via-ftp.html;Vermont;2023;9844;https://www.census.gov/programs-surveys/acs/data/data-via-ftp.html
geoId/51;Virginia;2019;5.174.962;https://data.census.gov/cedsci/table?q=S2702&tid=ACSST5Y2019.S2702;;https://download.bls.gov/pub/time.series/sm/;2019;5.573.036;https://data.census.gov/cedsci/table?q=S2702&tid=ACSST5Y2019.S2702;2021;0;https://www.bjs.gov/index.cfm?ty=dcdetail&iid=269;2021;758935;https://data-explorer.oecd.org/vis?fs[0]=Topic%2C0%7CRegional%252C%20rural%20and%20urban%20development%23GEO%23&pg=40&fc=Topic&bp=true&snb=117&df[ds]=dsDisseminateFinalDMZ&df[id]=DSD_REG_DEMO%40DF_POP_5Y&df[ag]=OECD.CFE.EDS&df[vs]=2.0&dq=A.......&to[TIME_PERIOD]=false&vw=tb&pd=%2C;2021;1699412;https://data.census.gov/table?q=S0101:+Age+and+Sex&tid=ACSST1Y2022.S0101;2021;3240733;https://data.census.gov/table?q=S0101:+Age+and+Sex&tid=ACSST1Y2022.S0101;2021;1013744;https://data.census.gov/table?q=S0101:+Age+and+Sex&tid=ACSST1Y2022.S0101;2021;895248;https://data.census.gov/table?q=S0101:+Age+and+Sex&tid=ACSST1Y2022.S0101;2023;103334;https://www.census.gov/programs-surveys/acs/data/data-via-ftp.html;Virginia;2023;103334;https://www.census.gov/programs-surveys/acs/data/data-via-ftp.html
geoId/53;Washington;2019;2.225.464;https://data.census.gov/cedsci/table?q=S2702&tid=ACSST5Y2019.S2702;;https://download.bls.gov/pub/time.series/sm/;2019;3.616.379;https://data.census.gov/cedsci/table?q=S2702&tid=ACSST5Y2019.S2702;2021;2;https://www.bjs.gov/index.cfm?ty=dcdetail&iid=269;2021;678762;https://data-explorer.oecd.org/vis?fs[0]=Topic%2C0%7CRegional%252C%20rural%20and%20urban%20development%23GEO%23&pg=40&fc=Topic&bp=true&snb=117&df[ds]=dsDisseminateFinalDMZ&df[id]=DSD_REG_DEMO%40DF_POP_5Y&df[ag]=OECD.CFE.EDS&df[vs]=2.0&dq=A.......&to[TIME_PERIOD]=false&vw=tb&pd=%2C;2021;1517404;https://data.census.gov/table?q=S0101:+Age+and+Sex&tid=ACSST1Y2022.S0101;2021;2834090;https://data.census.gov/table?q=S0101:+Age+and+Sex&tid=ACSST1Y2022.S0101;2021;881238;https://data.census.gov/table?q=S0101:+Age+and+Sex&tid=ACSST1Y2022.S0101;2021;781157;https://data.census.gov/table?q=S0101:+Age+and+Sex&tid=ACSST1Y2022.S0101;2023;92956;https://www.census.gov/programs-surveys/acs/data/data-via-ftp.html;Washington;2023;92956;https://www.census.gov/programs-surveys/acs/data/data-via-ftp.html
geoId/54;West Virginia;2019;713.232;https://data.census.gov/cedsci/table?q=S2702&tid=ACSST5Y2019.S2702;;https://download.bls.gov/pub/time.series/sm/;2019;1.723.644;https://data.census.gov/cedsci/table?q=S2702&tid=ACSST5Y2019.S2702;2021;0;https://www.bjs.gov/index.cfm?ty=dcdetail&iid=269;2021;143226;https://data-explorer.oecd.org/vis?fs[0]=Topic%2C0%7CRegional%252C%20rural%20and%20urban%20development%23GEO%23&pg=40&fc=Topic&bp=true&snb=117&df[ds]=dsDisseminateFinalDMZ&df[id]=DSD_REG_DEMO%40DF_POP_5Y&df[ag]=OECD.CFE.EDS&df[vs]=2.0&dq=A.......&to[TIME_PERIOD]=false&vw=tb&pd=%2C;2021;317505;https://data.census.gov/table?q=S0101:+Age+and+Sex&tid=ACSST1Y2022.S0101;2021;693200;https://data.census.gov/table?q=S0101:+Age+and+Sex&tid=ACSST1Y2022.S0101;2021;262380;https://data.census.gov/table?q=S0101:+Age+and+Sex&tid=ACSST1Y2022.S0101;2021;235141;https://data.census.gov/table?q=S0101:+Age+and+Sex&tid=ACSST1Y2022.S0101;2023;25232;https://www.census.gov/programs-surveys/acs/data/data-via-ftp.html;West Virginia;2023;25232;https://www.census.gov/programs-surveys/acs/data/data-via-ftp.html
geoId/55;Wisconsin;2019;763.184;https://data.census.gov/cedsci/table?q=S2702&tid=ACSST5Y2019.S2702;;https://download.bls.gov/pub/time.series/sm/;2019;2.480.348;https://data.census.gov/cedsci/table?q=S2702&tid=ACSST5Y2019.S2702;2021;0;https://www.bjs.gov/index.cfm?ty=dcdetail&iid=269;2021;508967;https://data-explorer.oecd.org/vis?fs[0]=Topic%2C0%7CRegional%252C%20rural%20and%20urban%20development%23GEO%23&pg=40&fc=Topic&bp=true&snb=117&df[ds]=dsDisseminateFinalDMZ&df[id]=DSD_REG_DEMO%40DF_POP_5Y&df[ag]=OECD.CFE.EDS&df[vs]=2.0&dq=A.......&to[TIME_PERIOD]=false&vw=tb&pd=%2C;2021;1100638;https://data.census.gov/table?q=S0101:+Age+and+Sex&tid=ACSST1Y2022.S0101;2021;2186089;https://data.census.gov/table?q=S0101:+Age+and+Sex&tid=ACSST1Y2022.S0101;2021;738957;https://data.census.gov/table?q=S0101:+Age+and+Sex&tid=ACSST1Y2022.S0101;2021;655386;https://data.census.gov/table?q=S0101:+Age+and+Sex&tid=ACSST1Y2022.S0101;2023;75960;https://www.census.gov/programs-surveys/acs/data/data-via-ftp.html;Wisconsin;2023;75960;https://www.census.gov/programs-surveys/acs/data/data-via-ftp.html
geoId/56;Wyoming;2019;299.592;https://data.census.gov/cedsci/table?q=S2702&tid=ACSST5Y2019.S2702;;https://download.bls.gov/pub/time.series/sm/;2019;636.633;https://data.census.gov/cedsci/table?q=S2702&tid=ACSST5Y2019.S2702;2021;0;https://www.bjs.gov/index.cfm?ty=dcdetail&iid=269;2021;52803;https://data-explorer.oecd.org/vis?fs[0]=Topic%2C0%7CRegional%252C%20rural%20and%20urban%20development%23GEO%23&pg=40&fc=Topic&bp=true&snb=117&df[ds]=dsDisseminateFinalDMZ&df[id]=DSD_REG_DEMO%40DF_POP_5Y&df[ag]=OECD.CFE.EDS&df[vs]=2.0&dq=A.......&to[TIME_PERIOD]=false&vw=tb&pd=%2C;2021;107348;https://data.census.gov/table?q=S0101:+Age+and+Sex&tid=ACSST1Y2022.S0101;2021;205588;https://data.census.gov/table?q=S0101:+Age+and+Sex&tid=ACSST1Y2022.S0101;2021;69264;https://data.census.gov/table?q=S0101:+Age+and+Sex&tid=ACSST1Y2022.S0101;2021;61494;https://data.census.gov/table?q=S0101:+Age+and+Sex&tid=ACSST1Y2022.S0101;2023;7577;https://www.census.gov/programs-surveys/acs/data/data-via-ftp.html;Wyoming;2023;7577;https://www.census.gov/programs-surveys/acs/data/data-via-ftp.html
geoId/72;Puerto Rico;2019;1106.2;https://data.census.gov/cedsci/table?q=S2702PR&tid=ACSST5Y2019.S2702PR;;;2019;5088.52;https://data.census.gov/cedsci/table?q=S2702PR&tid=ACSST5Y2019.S2702PR;;;;;;;;;;;;;;;;;;;2023;45448;https://www.census.gov/programs-surveys/acs/data/data-via-ftp.html;Puerto Rico;2023;45448;https://www.census.gov/programs-surveys/acs/data/data-via-ftp.html
;;;;;;;;;;;;;;;;;;;;;;;;;;;;2023;;;;;;
